feature	group	avgExpr	logFC	statistic	auc	pval	padj	pct_in	pct_out
CD79B	B1	8.07262569832402	7.88851834343906	62293005.5	0.974543588610446	0	0	96.4385474860335	12.8861706655913
CD79A	B1	12.0384078212291	11.9908911870466	62271029	0.974199777021919	0	0	95.1815642458101	1.13806931469409
LY6D	B1	17.2311452513966	16.5688247549475	62213838	0.973305051812742	0	0	97.2067039106145	3.13641149718843
IGKC	B1	642.562849162011	641.578553622436	61544516	0.96283383664853	0	0	94.2737430167598	16.5826556444205
EBF1	B1	18.1319832402235	18.0327382192767	60798971.5	0.95117015777051	0	0	90.7821229050279	1.11118578757533
IGLC1	B1	7.64525139664805	7.47953685490017	60499564	0.946486073944969	0	0	91.4106145251397	2.07227188207093
IGHM	B1	86.409217877095	84.4640826753565	59814459.2119141	0.935767944784296	0	0	95.6703910614525	54.6766135717006
MS4A1	B1	6.62360335195531	6.59474836618117	59724680	0.934363392946428	0	0	87.2905027932961	0.802025225709613
BANK1	B1	15.5712290502793	15.0712850576275	59243218	0.926831155554871	0	0	89.3156424581006	14.7859399153169
PAX5	B1	4.31284916201117	4.28748903476248	58841820.5	0.920551488087081	0	0	84.6368715083799	0.690010529381455
RALGPS2	B1	4.48393854748603	3.98244875202487	57278438.1083984	0.896093135595455	0	0	90.9916201117318	26.3413759885297
MZB1	B1	15.0810055865922	15.0042531166681	56989451	0.89157207369741	0	0	79.9581005586592	1.80791719873647
AFF3	B1	9.85405027932961	8.40130927971046	56707101.5	0.887154853934713	0	0	92.5279329608938	26.1195868897999
FCMR	B1	2.95670391061453	2.94232122360599	55628027	0.870273261416144	0	0	74.4413407821229	0.504066133476712
IGHD	B1	3.1536312849162	3.091709560786	54443968.5	0.851749245590407	0	0	72.5558659217877	4.52315343773103
POU2AF1	B1	2.41201117318436	2.39435765704304	54391645.5	0.850930677859125	0	0	70.8798882681564	0.938683155229966
FCRLA	B1	2.1836592178771	2.08280118530322	54255269	0.848797134251053	0	0	72.9748603351955	3.795057911598
HLA-DMB	B1	3.17737430167598	2.77931887680423	54020256.5	0.845120478689486	0	0	79.7486033519553	17.0172726661738
BCL11A	B1	4.01396648044693	3.45765669260276	53838673.5	0.842279701510246	0	0	78.0027932960894	11.1499428725049
IKZF3	B1	5.83659217877095	4.40889766525078	53820030.5	0.841988040898005	0	0	92.0391061452514	32.5178663440643
PLBD1	DC	15.8814968814969	14.2010574206293	77747513.5	0.915376838847787	0	0	96.4656964656965	31.4418393929097
NAPSA	DC	10.0587318087318	8.71185220741796	77342588.9814453	0.910609374152385	0	0	96.3097713097713	34.1533582512176
CBFA2T3	DC	6.78742203742204	6.09794418036008	76450210.5	0.900102766845886	0	0	91.0602910602911	24.4535054932608
OLFM1	DC	4.30405405405405	4.0082787680647	74529564.5	0.8774896338352	0	0	83.3160083160083	14.6471854117114
HLA-DMB.1	DC	14.1185031185031	10.6753951787591	74521762.1318359	0.877397770998897	0	0	98.7006237006237	58.6091290066825
GM2A	DC	11.3456340956341	8.76470760339262	74118953.3874512	0.872655216819397	0	0	97.8170478170478	64.367425529505
ATOX1	DC	18.5129937629938	13.6640187941411	73469224.4052734	0.865005494853515	0	0	99.0644490644491	79.3385434364028
SYNGR2	DC	9.2972972972973	7.07591322209059	73374995.5449219	0.863896071382155	0	0	97.037422037422	62.0568580813229
CRIP1	DC	27.8087318087318	21.5285868319507	73309201.8154297	0.863121434954476	0	0	98.7525987525988	64.0842677539925
LSP1	DC	13.4698544698545	10.2577353170625	73184017.505127	0.861647550928098	0	0	96.6735966735967	61.9617170687507
RNASE6	DC	6.01923076923077	4.89636294728038	73002511.5351562	0.859510551896948	0	0	89.8128898128898	34.8737116321214
TALDO1	DC	14.6283783783784	10.5053972933178	72939593.4169922	0.858769772089099	0	0	98.960498960499	79.5809264922415
KMO	DC	3.25727650727651	3.03969807257269	72373120	0.85210027717673	0	0	76.1954261954262	7.55917997508212
CIITA	DC	8.25727650727651	6.7506959205736	72200771.0180664	0.850071089886245	0	0	89.5530145530145	39.2887076679126
TRERF1	DC	8.31496881496881	7.34077015147351	72167699.546875	0.849681715906391	0	0	84.97920997921	28.1617397213727
CCND1	DC	7.32224532224532	6.34002763054751	72082705.5180664	0.84868102068272	0	0	85.7588357588358	30.1053346924907
DPP4	DC	4.22245322245322	3.59121525665868	72024711	0.847998209924815	0	0	84.4074844074844	24.1250424736663
S100A11	DC	18.7780665280665	13.3314700845282	71919674.1572266	0.846761536380259	0	0	98.960498960499	65.225959904859
CD74	DC	258.653846153846	178.349825313434	71818140	0.845566102446836	0	0	99.4282744282744	86.4084267753992
ALCAM	DC	10.4823284823285	8.82744117912314	71799134	0.845342331275053	0	0	87.1101871101871	29.6930569713444
LY6D	ILC	33.2207637231504	32.6370932316733	35744971	0.943050046620929	0	0	90.9307875894988	4.48807233976697
BCL11A	ILC	13.2458233890215	12.8151453142498	35477800	0.936001345308351	0	0	91.2887828162291	11.7817426101568
IGHM	ILC	13.3424821002387	8.93439914828094	34267455.4326172	0.90406914705037	0	0	97.4940334128878	55.181181048396
IGLC1	ILC	8.23747016706444	7.98450206996289	33893768	0.89421025107445	0	0	81.2649164677804	3.43348588357542
RNASE6	ILC	16.2577565632458	15.2070170262026	33765220.3012695	0.89081881138687	0	0	87.8281622911694	36.229577059981
AFF3	ILC	8.40095465393795	6.81096106546986	33457219.5	0.882692908305385	0	0	94.6300715990454	26.9527536424134
MCTP2	ILC	15.5453460620525	14.8280061845349	33298776.5	0.878512748849198	0	0	83.6515513126492	23.132364970927
DNAJC7	ILC	13.0751789976134	10.8399642112942	33251041.7744141	0.87725337630168	0	0	92.9594272076372	71.5416417943446
CYB561A3	ILC	7.36873508353222	6.64944963770966	33238104.1713867	0.87691204696788	0	0	87.1121718377088	37.259843912361
FCRLA	ILC	3.68496420047733	3.58456845419712	33230916.5	0.876722416548643	0	0	78.1622911694511	4.60745948575092
ABHD17B	ILC	7.40811455847255	6.408667276741	33185533.1914062	0.875525080809159	0	0	90.9307875894988	46.2381994649687
TCF4	ILC	38.4236276849642	34.6321130158214	33083622.1508789	0.872836388978341	0	0	93.0787589498807	63.6178726979284
KMO	ILC	4.30190930787589	4.03070150791569	33016348	0.871061512979065	0	0	79.8329355608592	9.13974928699343
ATP1B1	ILC	6.51073985680191	6.33616931889649	32811030	0.865644662886443	0	0	76.4916467780429	9.104375317813
RELL1	ILC	8.52386634844869	7.98779595425002	32740737.9213867	0.863790165703795	0	0	81.8615751789976	29.0442395702063
PACSIN1	ILC	5.59307875894988	5.27681336574611	32691086	0.862480212290249	0	0	79.1169451073986	16.4113108266454
CARD11	ILC	7.48329355608592	6.58116890706202	32652854.9384766	0.861471572379699	0	0	86.7541766109785	34.5338374123941
CCR9	ILC	11.6801909307876	11.6057508343935	32604391	0.860192961202766	0	0	73.0310262529833	2.57124538480246
CD300C	ILC	3.86276849642005	3.83506625680562	32547106.5	0.858681639501157	0	0	72.4343675417661	1.45696535561893
NUCB2	ILC	4.63245823389021	4.28630183672898	32511656.1970215	0.857746363602441	0	0	79.8329355608592	21.9429152572351
BCL11B	L1	4.58453548759377	3.50949382386117	126869898	0.8591912592162	0	0	91.7772648586267	20.7872685022182
CD3G	L1	9.51154068090017	6.4258894356827	124277485	0.841634859904848	0	0	92.6428159261396	27.2891580405136
CAMK4	L1	4.25620311598384	3.22543063517263	122227794.5	0.827753898467499	0	0	84.7951529140219	19.6371147571767
CD3E	L1	4.37132140796307	3.00094842953432	122100686.5	0.826893094728408	0	0	89.0363531448355	22.5641386756801
CD3D	L1	6.3266012694749	4.22379160818344	121737507.5	0.824433565500042	0	0	90.3058280438546	25.5404548975424
SKAP1	L1	13.3251586843624	7.85347828626835	120292026.5	0.814644445621005	0	0	98.730525100981	35.0961199915499
ICOS	L1	4.47143681477207	3.88483493227553	119733465	0.810861742504663	0	0	74.2354298903635	16.0692908950074
LTB	L1	7.24264281592614	4.94426007292682	119687268.5	0.810548889498299	0	0	91.200230813618	37.2767176020468
CD247	L1	4.4131563762262	3.13425582931636	119211132.5	0.807324390260519	0	0	87.6514714368148	28.3665469567871
ETS1	L1	5.87795729948067	3.75519599159155	118937404.362305	0.805470642231894	0	0	95.0375072129256	47.076496960308
CD2	L1	4.04414310444316	2.92628755436453	117850514.877441	0.798109984110072	0	0	83.9873052510098	29.1880853461024
SNTB1	L1	3.14195037507213	2.464697599446	116710904.5	0.790392288339482	0	0	74.7836122331218	18.3719456376312
ST6GALNAC3	L1	7.65406809001731	6.22261960047432	116530500	0.789170548809721	0	0	73.9180611656088	19.4446400488229
ITK	L1	3.45095210617426	2.07555600730799	115055438	0.779181099797932	0	0	85.3433352567802	27.8900546909842
RABGAP1L	L1	9.80496249278707	5.73562465272886	114568749.22168	0.775885134790603	0	0	94.2873629544143	51.4048306457292
LAT	L1	1.93941142527409	1.37602387040706	114347473	0.774386602841443	0	0	73.6872475476053	19.2826796235007
LCK	L1	3.06433929601847	1.88003302650693	114260241.953125	0.773795854727125	0	0	84.9105597230237	29.3242259934746
TOX	L1	6.61858049624928	4.75882883556811	114027788	0.7722216246864	0	0	76.803231390652	24.012393493416
CD28	L1	2.27870744373918	1.73278344777645	113584343.5	0.769218519581457	0	0	71.3502596653203	19.3108466539915
TNIK	L1	3.46422388920946	2.23445133798068	113578838.007324	0.769181235156551	0	0	83.064050778996	30.0612632913175
NKG7	L2	15.9413953488372	12.8065106508632	123419183	0.893229252836503	0	0	98.1395348837209	27.842871814023
CD3D	L2	10.1190697674419	8.27797183074127	123397667.5	0.893073537383506	0	0	94.3875968992248	25.5975165717487
SKAP1	L2	20.853023255814	15.9038121644126	122879292.5	0.889321870076332	0	0	99.6589147286822	35.3841844832415
CD3G	L2	15.1767441860465	12.481384275674	122650867.5	0.88766867575824	0	0	95.0387596899225	27.4764261040052
CTSW	L2	5.83720930232558	4.91666033397529	122593224.5	0.887251492524891	0	0	93.3643410852713	23.0137242087574
GIMAP4	L2	7.65333333333333	5.94401580929263	122435411.5	0.886109342782433	0	0	97.8294573643411	32.4176080664737
HCST	L2	6.56434108527132	5.04128068008039	121620894.583984	0.880214389351123	0	0	96.8062015503876	48.611240780506
CD3E	L2	6.38170542635659	5.1457797424802	121161489.5	0.876889508648285	0	0	92.6201550387597	22.6682849407152
LCK	L2	4.4768992248062	3.38834540163376	120280505.517578	0.87051350902447	0	0	95.968992248062	28.804500046681
ITK	L2	5.58728682170543	4.36102410113778	120178539	0.869775540468069	0	0	94.4806201550388	27.5254411352815
LTB	L2	8.32558139534884	6.08090302731597	118775700.5	0.859622691010256	0	0	96.8062015503876	37.1580618056204
GIMAP6	L2	5.95255813953488	4.29585008239736	117806724.044922	0.852609858045825	0	0	96.7751937984496	36.7332648678928
KLRD1	L2	8.10139534883721	6.39154099350157	117593491.5	0.851066617018366	0	0	90.8837209302326	27.33871720661
THY1	L2	4.41116279069767	3.55893143975005	117517753	0.850518470108611	0	0	87.1007751937985	21.6646438241061
PTPRCAP	L2	5.94201550387597	4.22128447969522	117506873.050781	0.850439727982182	0	0	96.1240310077519	34.6232844739053
IL2RB	L2	6.55286821705426	4.81939328474169	117359040	0.849369806740734	0	0	94.8217054263566	30.3286341144618
PTPN22	L2	5.72279069767442	4.09586510715999	117312077.052246	0.849029918907145	0	0	95.8759689922481	40.4584072448884
ABLIM1	L2	5.63627906976744	4.03042994270181	117044733.075195	0.847095053879952	0	0	96.2170542635659	36.3878255998506
PRKCQ	L2	4.9553488372093	3.63332008172429	116183433.176758	0.840861515089232	0	0	92.9302325581395	31.1222108113155
CD226	L2	5.04961240310078	4.10350559701358	115673422.5	0.837170383413704	0	0	84.4341085271318	21.5082625338437
HMGB2	L3	105.561952440551	101.448566091975	35687556.1025391	0.986641853856393	0	0	99.874843554443	74.2898166556218
STMN1	L3	34.0225281602003	32.8252010119785	35444719	0.97992821820295	0	0	98.8735919899875	22.2840733377513
HMGB1	L3	55.5206508135169	49.8758529341266	35298745.9589844	0.975892550661388	0	0	99.874843554443	87.9633311243649
PCLAF	L3	22.982478097622	22.492992787262	34963526	0.966624837264827	0	0	95.8698372966208	9.71504307488403
RAN	L3	33.7722152690864	31.1273069412754	34783336.3432617	0.961643194463084	0	0	98.9987484355444	70.3711066931743
ANP32B	L3	27.1376720901126	24.1718890108107	34768880.0610352	0.961243526493249	0	0	100	73.5984095427435
PTMA	L3	159.327909887359	139.775734053474	34761804.0546875	0.961047898527	0	0	100	95.7985420808483
LMNB1	L3	15.0463078848561	14.0121572332104	34714060.6789551	0.959727953484906	0	0	98.4981226533166	37.4618952948973
CKS1B	L3	9.15894868585732	8.79791488864062	34655644	0.958112927220435	0	0	95.4943679599499	15.0320300419704
NUCKS1	L3	13.9036295369212	12.455849550175	34604220.8720703	0.956691249307667	0	0	98.6232790988736	56.4280980781975
LGALS1	L3	60.7434292866083	55.274023499111	34586082.2294922	0.956189776360394	0	0	99.6245306633292	61.654517340402
HMGN2	L3	14.8598247809762	13.6518283153257	34568054.3222656	0.95569136487612	0	0	98.1226533166458	46.5230837199028
BIRC5	L3	13.819774718398	13.4732980230147	34555775	0.955351882585726	0	0	93.8673341677096	9.01700905677049
PTPRCAP	L3	15.9774718397997	14.2076463483043	34506378.3828125	0.953986230933479	0	0	99.3742177722153	37.8617185774243
DUT	L3	19.2302878598248	18.6422825583006	34485291.3388672	0.953403244525814	0	0	95.4943679599499	24.4311906339739
CBX3	L3	11.0387984981227	9.80290276143169	34465184.8623047	0.952847367534597	0	0	98.1226533166458	55.3346587143804
RAC2	L3	25.8010012515645	21.3010012515645	34460066.6289062	0.952705865458238	0	0	100	79.8983874530594
UBE2S	L3	19.4130162703379	18.0516511278595	34391341.9272461	0.950805856758934	0	0	97.622027534418	56.174066710846
RBM3	L3	35.9261576971214	30.6901073326416	34378084.5371094	0.950439334155251	0	0	99.874843554443	84.9878506737354
MKI67	L3	18.6270337922403	18.0481294405725	34333974.5	0.949219838803364	0	0	93.9924906132666	13.5696929533908
SKAP1	L4	8.82608695652174	2.79847892029718	19182903.5	0.733318048629442	4.42306308649075e-105	2.54048748940676e-103	95.4782608695652	39.1809908998989
TNIK	L4	2.2904347826087	0.903834351782653	17734067.4892578	0.677932397746012	7.47674084054611e-68	1.73780379701253e-66	72.8695652173913	33.5582714204071
IL2RB	L4	3.09391304347826	1.03599331780015	17676139.5	0.675717944650131	2.91790961983675e-65	6.24255815637801e-64	74.9565217391304	34.3363960082648
PTPN22	L4	3.07826086956522	1.17932914230448	17634716.828125	0.67413445167638	2.12055615991333e-56	3.50543449498259e-55	79.4782608695652	43.8937002681672
PRKCQ	L4	2.37217391304348	0.805857475711083	17597812.4042969	0.672723680878965	1.6273561072099e-62	3.23637580757799e-61	73.9130434782609	34.962852244252
SATB1	L4	3.11478260869565	1.61260649756012	17596543.5	0.672675173601488	2.18511630504426e-65	4.69855465389212e-64	65.5652173913043	32.4790082208643
ABLIM1	L4	2.75652173913043	0.879504989668968	17586209.5732422	0.672280131474277	1.08268279315635e-57	1.88346788986049e-56	81.2173913043478	40.0624258143931
TOX	L4	3.46434782608696	1.26232118521124	17581971.5	0.672118119732941	4.43761253402696e-72	1.1392561632811e-70	64.5217391304348	27.5223106343694
ITK	L4	2.22086956521739	0.698031388754561	17476424	0.668083282840929	7.97120254492653e-63	1.60408617483652e-61	70.4347826086957	31.7294588297358
BCL2	L4	5.23652173913043	2.15862135666242	17446825.7485352	0.666951810120595	5.93094514134676e-52	8.54540259140982e-51	74.6086956521739	43.9486525695696
TXK	L4	1.75130434782609	0.941351386996087	17302615.5	0.661438985742984	6.31156840499095e-73	1.66319152494816e-71	56.3478260869565	22.6535367301183
STAT4	L4	2.6904347826087	0.602686947729371	17300303.730957	0.661350612157438	1.34738712301484e-51	1.92334687551504e-50	76	38.9897568910186
CD247	L4	2.05217391304348	0.544260781641535	17295812	0.661178903668138	3.00506828071894e-57	5.15363127009127e-56	70.0869565217391	32.355915065723
IKZF3	L4	2.27826086956522	0.722539235943201	17111901	0.654148411352859	4.39530210581782e-51	6.14471937961857e-50	69.0434782608696	33.9297489778872
KCNQ5	L4	3.42608695652174	1.86662856640436	17015552.5	0.650465230962134	2.29599418202308e-67	5.25011139273942e-66	51.6521739130435	20.9478172945883
PPP1R16B	L4	1.57217391304348	0.609277706950367	17009995.9492188	0.650252816872889	6.73219124252632e-51	9.34236268741736e-50	63.1304347826087	31.5799885699213
CLNK	L4	1.76521739130435	1.03525300039566	16818017.5	0.642913924626468	1.87028272241616e-80	5.99056152147814e-79	43.8260869565217	14.6305007253704
PRKCH	L4	5.17739130434783	1.32083879192861	16795718.2692871	0.64206147659365	1.65523671117494e-33	1.30448050391387e-32	86.4347826086956	63.0874401019915
MCTP2	L4	1.2904347826087	0.307206224996703	16579802	0.63380749683188	6.08510161125784e-49	8.02381024911695e-48	52.3478260869565	23.8778740053633
SIDT1	L4	1.3495652173913	0.630547324921968	16545453.5	0.632494433092945	5.84285734673169e-53	8.73027997204777e-52	48.1739130434783	20.8401107838396
SKAP1	L5	20.5920948616601	15.3738537445008	94395595.5	0.856944625630721	0	0	98.3794466403162	36.4845311100393
GIMAP4	L5	6.23715415019763	4.35066158031775	90636393	0.822817732718302	0	0	93.4782608695652	33.7146007028182
LCK	L5	4.31897233201581	3.16715442163661	90619265.7587891	0.822662247737992	0	0	89.8418972332016	30.232664967041
ABLIM1	L5	5.70750988142292	4.04146334842952	90416104.9868164	0.820817908171524	0	0	93.9525691699605	37.4744481958704
CD81	L5	23.6596837944664	15.50409914622	90393951	0.820616789254502	0	0	98.3399209486166	49.8151082937137
HEXB	L5	66.1553359683794	42.5530024283349	90322481.2980957	0.819967971090711	0	0	99.6837944664032	75.876800110246
ETS1	L5	6.90513833992095	4.76133623146646	90282977.7749023	0.819609349147444	0	0	95.5335968379447	48.07873400859
ITK	L5	5.2395256916996	3.92344126164839	89976537.5	0.816827414828757	0	0	87.7075098814229	28.9878040377593
IL2RB	L5	6.21699604743083	4.38707344930042	89836868.5	0.815559467968702	0	0	90.6324110671937	31.6015526309745
PRKCQ	L5	5.22845849802372	3.86430222433805	89782269.1875	0.815063803026263	0	0	88.9328063241107	32.3411194561198
C1QA	L5	117.969169960474	73.9227058708076	89686321.7988281	0.814192770870259	0	0	99.802371541502	68.4581639449689
CD247	L5	5.02924901185771	3.71876875277964	89626898	0.813653308146701	0	0	88.2608695652174	29.6056409196353
SPARC	L5	15.4249011857708	10.4877184300805	89535745	0.812825800538466	0	0	94.0711462450593	38.5263786490273
C1QC	L5	76.0707509881423	47.478316618956	89463048.5	0.812165845223314	0	0	99.604743083004	63.4810170192241
PRKCH	L5	11.3719367588933	7.93465064759077	89407275.6018066	0.811659526203772	0	0	96.2055335968379	61.4713245595903
PITPNC1	L5	15.3351778656126	10.5678658005675	89336884.5097656	0.811020499904957	0	0	97.7470355731225	69.4710489446244
GIMAP6	L5	5.64071146245059	3.89730899569665	89303015.3320312	0.810713027827682	0	0	92.2134387351779	37.9567743861825
LGMN	L5	43.5229249011858	27.0411729087192	88684743.5	0.805100215907468	0	0	99.4466403162055	70.2266933094467
RPL13A	L5	53.7909090909091	29.8610760676426	88654111.3691406	0.804822130475913	0	0	99.8418972332016	96.0012862031742
SHISA5	L5	12.4375494071146	7.22518807589434	88652243.6381836	0.804805174790668	0	0	98.7351778656126	82.7465031351202
FXYD5	L6	19.2869269949066	12.3518620598417	44878067.0219727	0.84865186982384	0	0	99.830220713073	79.6551647323517
TGFBI	L6	14.9940577249576	11.2384496966223	44627516.5	0.843913916897897	0	0	93.8879456706282	36.2077031030719
IFITM3	L6	48.9074702886248	32.7753502645665	44146840.2915039	0.834824248153467	0	0	99.2359932088285	72.2550177095632
SKAP1	L6	18.2079796264856	12.4641556974129	44045405	0.832906089562573	0	0	97.9626485568761	38.3595820988617
UBB	L6	44.062818336163	24.4574854186517	43890494.9570312	0.829976714338913	0	0	99.9151103565365	96.2108217682832
SEM1	L6	15.7826825127334	9.27721371052365	43742681.4804688	0.827181536391331	0	0	99.320882852292	87.8683923280836
TMSB10	L6	79.5653650254669	47.7742933184432	43673293.5	0.825869397895275	0	0	99.9151103565365	92.3481321423002
FAU	L6	108.861629881154	56.7261907062642	43653077	0.825487100446548	0	0	100	98.4362121583391
LYZ	L6	161.522920203735	110.103415180457	43650694.0795898	0.825442039016859	0	0	98.0475382003396	74.6541623042481
PLBD1	L6	6.68590831918506	4.52817068803405	43621767	0.824895023028616	0	0	92.1901528013582	32.6346038181373
VIM	L6	24.169779286927	15.6586300587966	43582050.7998047	0.824143982937215	0	0	99.4057724957555	65.9218997126373
SHISA5	L6	13.471986417657	8.06916625325884	43549957.189209	0.823537087309823	0	0	99.2359932088285	83.2148983092379
PRDX5	L6	26.4405772495756	17.1041623779977	43486945.7880859	0.822345531012242	0	0	99.320882852292	81.7446704239157
LGALS3	L6	24.5993208828523	15.1514805585111	43356452.5	0.819877880770547	0	0	98.471986417657	54.5343164554142
PTPN18	L6	13.1315789473684	7.74081019639384	43327991.7758789	0.819339683643427	0	0	99.0662139219015	86.6387471876323
ARPC1B	L6	15.7224108658744	9.13665871065394	43317920.1289062	0.819149227088528	0	0	99.490662139219	90.8043928627119
ARPC2	L6	22.0449915110357	12.3690208264886	43282020.9956055	0.818470368380424	1.0738125829212e-306	3.79055841771183e-304	99.660441426146	95.2729945868882
PSMB8	L6	20.6808149405772	11.9515373570973	43276607.6958008	0.81836800196168	9.41039657077752e-307	3.39254807436711e-304	99.7453310696095	90.5103472856475
EMP3	L6	9.23344651952462	5.92017659905058	43246875.3535156	0.817805758319097	0	0	98.0475382003396	62.5648793744849
CD52	L6	64.2631578947368	37.179778152695	43227337.5898438	0.817436295889616	6.26954617478419e-304	2.0043620827461e-301	100	96.3066093426299
CD81	M1	27.1911037891269	20.3266435459997	175761424.5	0.878234829555668	0	0	99.0939044481054	46.9876009996846
C1QA	M1	140.324341021417	103.084004234481	175357857.748535	0.87621830984325	0	0	99.835255354201	66.6852692111712
HEXB	M1	72.5671334431631	52.1219098486662	175258034.343506	0.875719517850917	0	0	99.9794069192751	74.4983379030888
C1QC	M1	86.7149917627677	62.0563403663637	174200722.5	0.870436401323442	0	0	99.6499176276771	61.4369252420353
MERTK	M1	16.8764415156507	12.2361095815523	172278744.5	0.860832769434126	0	0	99.0321252059308	41.1617693446243
PLXDC2	M1	34.3688220757825	24.2171223693792	172219038	0.86053443134316	0	0	99.835255354201	43.1756969888142
C1QB	M1	95.7397034596376	66.5066944576236	172126478	0.860071932725759	0	0	99.7734761120264	64.9479533157014
LY86	M1	47.620057660626	33.1915520919948	172113981.5	0.86000949091534	0	0	99.9176276771005	71.7710431174629
TREM2	M1	20.0623970345964	14.4448977018616	171843057.5	0.858655753065073	0	0	98.3525535420099	52.5198359740859
CX3CR1	M1	23.6338550247117	16.535051249204	171698896.5	0.857935417464563	0	0	99.505766062603	51.9617596389489
SLC1A3	M1	5.83010708401977	4.60231488252995	171330023	0.856092251045529	0	0	91.3509060955519	24.0118409239803
SPARC	M1	15.161449752883	10.7851364536813	170394900.5	0.851419683377524	0	0	97.8171334431631	34.9501370926649
TANC2	M1	23.8616144975288	15.8532433525018	170220893	0.850550212459553	0	0	99.4851729818781	34.6371290612185
OPHN1	M1	12.2594728171334	8.60851316847889	170175230	0.850322046141852	0	0	98.1054365733114	37.9370586950719
DST	M1	8.4413097199341	5.99293178093427	170098138.5	0.849936839657805	0	0	97.4670510708402	37.2309708101813
LGMN	M1	43.3519357495881	28.3761999380724	169968774.5	0.849290440877107	0	0	99.9176276771005	68.5220682794264
CTSD	M1	86.5078253706754	61.8409484143752	169830778.588379	0.848600910644482	0	0	99.7116968698517	86.5212432970179
CD9	M1	22.1297364085667	15.4271425668178	169158925.573242	0.845243833174761	0	0	99.1144975288303	66.0883701744595
ITGB5	M1	14.4067133443163	9.60172462716396	168875794.5	0.843829099705468	0	0	99.3616144975288	53.5534904035135
LPCAT2	M1	14.8881795716639	9.79420436966455	168729920.976074	0.843100207061442	0	0	99.4233937397035	60.1630553466139
TGFBI	M2	16.0199349945829	13.310329166436	173559042	0.907212646936094	0	0	97.8764897074756	30.9813287016934
LYZ	M2	205.487540628386	168.091342432795	173054083.230957	0.904573170616231	0	0	100	72.4972258406909
APOC2	M2	10.1469122426869	9.34744777604917	169658502.5	0.886824087956414	0	0	88.169014084507	20.104211897525
PLA2G7	M2	7.53261105092091	6.32797458640603	169543553.5	0.886223236595684	0	0	93.1744312026002	25.4547208954504
FTH1	M2	248.511592632719	182.831272277627	168153362.5	0.878956551770028	0	0	100	98.4440584744536
CSTB	M2	16.9165763813651	13.2875176656803	167208315.735352	0.87401668596439	0	0	98.3315276273023	65.7885849375211
APOE	M2	328.334344528711	261.934359002585	166740285.118164	0.87157023725061	0	0	99.5232936078006	81.4565542529068
FTL	M2	105.611700975081	76.8747877700829	166693344.467773	0.871324873187758	0	0	100	95.479326482366
LGALS3	M2	36.6422535211268	29.7913585532105	166336387.5	0.869459018941017	0	0	98.6998916576381	50.866020166932
CFB	M2	9.06067172264355	7.31934398587509	165098063.5	0.862986160017283	0	0	92.0043336944745	31.5554590630578
MMP14	M2	4.27497291440953	3.48313135509077	165032560.760742	0.862643769826724	0	0	89.8808234019502	27.6016789694601
MS4A7	M2	7.5566630552546	7.08877093386704	164612919	0.860450255111842	0	0	78.9165763813651	10.7444396198196
NPC2	M2	39.2073672806067	25.6125875247327	163404114.529297	0.854131698090221	0	0	99.8916576381365	90.5919814734404
MYOF	M2	3.5646803900325	2.99115310677878	162046340.5	0.847034460419023	0	0	84.442036836403	18.4614271240411
CLEC12A	M2	4.01560130010834	3.15983346105783	159911394	0.835874854771212	0	0	86.3705308775731	23.4983355044145
C3AR1	M2	6.14842903575298	4.70453942317036	159877199.718262	0.835696117411934	0	0	90.7258938244854	38.6380083948473
PSAP	M2	73.6606717226436	49.7061438121886	159784327	0.835210661260578	0	0	99.8916576381365	88.6910792685869
CYBA	M2	37.5315276273023	23.2778729739516	159614060.456055	0.83432065887155	0	0	99.8916576381365	94.6663771891735
PRDX5	M2	23.2481040086674	14.9744030389178	159404859.519531	0.833227142030377	0	0	99.3282773564464	80.2865827181937
LST1	M2	10.8715059588299	7.2029335653335	158767518.401855	0.829895688274324	0	0	98.2015167930661	61.731075408887
P2RY12	M3	18.9717217217217	15.72833522682	156638178	0.93168405493412	0	0	99.8748748748749	40.0185392056663
TANC2	M3	38.7012012012012	31.7782102093537	155243331.5	0.923387506418785	0	0	100	35.9137689254391
CSMD3	M3	26.1323823823824	23.4939681975132	155168503.5	0.922942429392528	0	0	95.0700700700701	19.623036151451
NAV2	M3	23.8843843843844	19.6435648564211	154236566	0.917399264118062	0	0	99.7497497497498	33.2160768188625
GPR34	M3	9.6483983983984	8.04050259824153	153537110.5	0.913238902035161	0	0	97.997997997998	33.9243695481663
PLXDC2	M3	46.712962962963	37.2386682846657	153267987	0.911638155161317	0	0	100	44.3182088275141
ATP8A2	M3	8.19544544544545	6.79435686131786	153209751.5	0.9112917703433	0	0	98.4234234234234	25.19668195755
ZFHX3	M3	20.4507007007007	15.743382468105	153111615.222656	0.910708055657779	0	0	100	53.1671143013334
RAPGEF5	M3	8.67617617617618	7.17673472916741	153084816	0.91054865385196	0	0	98.2232232232232	25.7457276638224
ARHGAP5	M3	12.0365365365365	9.52832461915484	152442975.49707	0.906730985834968	0	0	99.2992992992993	46.5999572172177
CX3CR1	M3	28.1921921921922	21.1883417417846	151159401.5	0.899096286289379	0	0	100	52.886649395099
FRMD4A	M3	12.5175175175175	9.44761520487045	151150106.672852	0.899041000647283	0	0	99.9499499499499	50.6429301452238
PLCL1	M3	13.5445445445445	10.7593616481502	150856375.5	0.897293887308267	0	0	98.998998998999	36.7504100016638
SLCO2B1	M3	8.00925925925926	6.29992072861015	150717598	0.896468438585711	0	0	99.0490490490491	29.4606992608086
CFH	M3	6.70245245245245	5.34920927987146	149974527	0.892048651460864	0	0	97.4974974974975	31.1292277707794
NUMB	M3	10.3771271271271	7.66954744419508	149375973.333984	0.888488453597421	0	0	99.3243243243243	60.8085945856012
EPB41L2	M3	22.6338838838839	16.2072920078589	149312491.773682	0.888110865206956	0	0	100	70.1209802010791
TGFBR1	M3	22.1421421421421	16.0452866766417	149156044.249023	0.887180315158309	0	0	99.8748748748749	66.6151688731491
MERTK	M3	18.7227227227227	14.0076322846746	149017306	0.886355099900604	0	0	99.9249249249249	42.2598816343023
HPGDS	M3	7.57807807807808	5.75220400206733	148744480.887695	0.884732335832703	0	0	98.9239239239239	38.6209683169729
CST7	M4	7.47709923664122	5.50092026819546	88565521.0429688	0.778007180507398	0	0	85.4198473282443	41.4255794149463
CD81	M4	16.9492366412214	8.42112322088949	85485786	0.750953131151922	0	0	97.9770992366412	49.7364726460908
CD63	M4	11.9473282442748	7.35005327822266	85380039.703125	0.750024198794138	0	0	90	49.4833022624226
C1QA	M4	95.9022900763359	50.6783033332578	85344145.4245605	0.749708884141964	0	0	99.8473282442748	68.3905268245529
C1QB	M4	68.4587786259542	34.1581042721141	84060377	0.738431571699662	0	0	99.9236641221374	66.7311100370549
C1QC	M4	58.5072519083969	28.9540746200819	83698329.5	0.735251151696848	0	0	99.7328244274809	63.3984671684043
TIMP2	M4	8.55	5.14591705217611	83419348.6223145	0.732800433589986	0	0	87.9770992366412	51.370572395222
SYNGR1	M4	4.28282442748092	2.51774352803559	82066502.8339844	0.720916308424287	0	0	81.6793893129771	38.8685585398974
CTSD	M4	63.7740458015267	34.5538105832248	81887592.0683594	0.719344660014306	0	0	99.236641221374	87.2287049184101
HEXB	M4	35.3874045801527	10.0178908974442	79292413.7299805	0.696547217418372	8.42766006799956e-255	2.41621441949551e-253	99.1984732824427	75.8567515938227
TREM2	M4	11.5923664122137	4.72074681222295	78795843	0.692185072996875	2.09634323146062e-260	6.32036293841082e-259	95.381679389313	55.0576538010081
AIF1	M4	12.3809160305344	4.93034179407321	77892589.8330078	0.684250411274566	2.9379137694334e-228	6.86620840127993e-227	98.0916030534351	66.6206356878179
CD9	M4	13.6103053435115	5.6000634507176	77147028.9824219	0.677701003689874	4.9494676352986e-212	1.01407230486698e-210	95.381679389313	68.013072797993
CTSZ	M4	22.9538167938931	10.153660288565	77078274.625	0.677097028427995	6.93338613921202e-206	1.3534480961153e-204	99.1603053435114	79.9258901240535
CTSB	M4	37.3225190839695	14.9425103380835	76757153.7431641	0.674276129855535	9.21248577599618e-199	1.69118482111029e-197	99.1603053435114	84.6831917880734
SPARC	M4	7.09160305343511	1.67364176548833	76626090.5	0.673124799822342	1.78225921942152e-243	4.68922363569538e-242	84.1603053435115	39.0089530253861
CCL2	M4	9.08320610687023	4.39462869427155	76254260	0.669858440684779	1.17845345533588e-233	2.84035780187924e-232	73.0152671755725	40.0883794793896
APOE	M4	171.504961832061	83.6211210071859	76244435.1611328	0.669772134014915	1.399387747503e-189	2.36638981972962e-188	92.9389312977099	82.6831457570945
LAP3	M4	3.20343511450382	1.50185395038036	74580104.4523926	0.655151757745569	2.21350366725038e-180	3.47918424284698e-179	76.4503816793893	48.5972059195839
LDHB	M4	2.10648854961832	0.864825910662303	74457926.8491211	0.654078483953206	1.4206394106727e-196	2.5338225446777e-195	71.2977099236641	38.7028470160418
GPR141	M5	4.37663433150569	2.15012510911565	72759799.5	0.702260723061447	0	0	72.7962884858709	30.3217538560117
TRPS1	M5	9.29059468578659	4.13784169937989	71784068.3417969	0.692843192043191	4.61130539984615e-235	2.14653732678553e-233	89.6668072543231	58.9477779303401
LDLRAD3	M5	2.18852804723745	1.66443083455037	70257894.5	0.678112915805174	0	0	51.8768452129903	18.0763421666896
PID1	M5	8.29017292281738	2.9034275340124	68254705.1855469	0.658778596770982	2.45509461194629e-165	5.29925135093222e-164	83.171657528469	53.135154926999
FGR	M5	3.373260227752	1.89314672141304	67687981.6445312	0.653308712488391	4.21511069148742e-178	1.05185324825571e-176	65.6263180092788	38.7775184218957
CERS6	M5	6.81990721214677	2.10756339778456	67030632.9287109	0.646964135020506	3.73050067415928e-135	5.55444669797494e-134	87.8110501897933	63.4239553297634
PDE7B	M5	3.29902994517081	1.33459221346685	66495155.5	0.641795830972752	2.05611949258664e-190	5.8259011174562e-189	56.7271193589203	26.4337040596824
PSTPIP2	M5	1.67946014339941	0.87573914930357	66442079	0.64128354889496	2.84897168899371e-196	8.74510440186764e-195	53.395191902151	25.1270081010573
TMEM51	M5	1.18852804723745	0.688939965403044	66232317.5	0.639258979508118	5.83044958707772e-208	2.16173168060055e-206	49.6836777730915	22.1863700855874
ADGRE4P	M5	2.888232813159	2.64657415601222	65940318	0.636440668003514	0	0	32.2226908477436	5.86068012266008
GDA	M5	1.96794601433994	0.942727468868752	65537792	0.632555580334862	6.50938824118619e-187	1.79050445387433e-185	50.0632644453817	22.4106366424093
XYLT1	M5	2.2539013074652	0.955558133864582	65030771.3847656	0.627661934856062	6.92804630805513e-124	9.15669396596615e-123	62.800506115563	39.2420705753124
MOB3B	M5	1.53268663011388	0.737341305385055	64957907.9199219	0.626958673579127	4.91325259382922e-148	8.68093346713684e-147	53.0577815267819	28.2278365142569
ARHGEF10L	M5	0.925347954449599	0.599406263754373	64845175.5	0.625870606387204	1.37618736670704e-187	3.81015012115754e-186	43.4415858287642	19.5684012998307
GRK3	M5	1.60565162378743	0.993747188801849	64493518.578125	0.622476495271965	6.82599392786513e-138	1.05528869629331e-136	49.6836777730915	28.5367751384503
TGFBI	M5	4.16490932096162	0.128546100676939	64434618.5	0.621908005367696	3.56278090109538e-117	4.33054229470302e-116	65.6263180092788	36.1664149388988
ZFYVE9	M5	1.56980177140447	1.26074872549848	64321115.5	0.620812500715437	4.28846556513188e-214	1.67814689458648e-212	36.7355546183045	14.7352281568951
XDH	M5	1.67397722479966	0.605003816405686	64102741.7353516	0.618704807746057	6.45677905636291e-111	7.28386580099954e-110	60.6916912695065	36.9284635452423
ACE	M5	1.28215942640236	1.19174338905512	63733171.5	0.615137801480462	0	0	25.8118937157318	3.071078767907
TREML4	M5	1.09025727541122	0.975103263785973	63258194.5	0.61055343354996	0	0	26.7397722479966	5.22449540024715
TANC2	M6	21.1198653198653	11.8215071644732	51066816	0.771317698789438	0	0	94.1414141414141	39.7182845863987
PLXDC2	M6	25.9804713804714	13.7183145529099	50811397	0.767459827656311	0	0	96.4983164983165	47.5708774448233
ZFHX3	M6	12.6484848484848	6.79461350450495	49292833.9277344	0.744523316902115	8.4352039980515e-246	1.5880677393665e-242	94.3434343434343	55.9931814103714
NAV2	M6	12.5185185185185	6.79278731449914	49173149.5	0.742715592735779	6.244533710332e-288	2.64518447969664e-284	86.3973063973064	37.4080387582989
OPHN1	M6	9.78787878787879	5.40370509327983	49093093.5	0.741506419841697	1.15546375797998e-266	3.91563558304256e-263	89.4276094276094	42.7754351336802
DST	M6	6.4026936026936	3.43328753773756	48578696.5	0.733736922125133	5.33435740156903e-252	1.29121931160265e-248	87.6767676767677	42.1115198277409
NAV3	M6	8.92390572390572	4.75314939876666	48534226.5	0.7330652433178	4.31585544818145e-302	2.43759515713288e-298	79.6632996632997	29.9165619953346
CADM1	M6	4.93198653198653	2.84984944244768	47715539	0.720699715016062	1.949726007592e-258	5.50602624543981e-255	77.3063973063973	32.58568096178
MERTK	M6	11.0693602693603	5.31043330004392	47657804	0.719827680477241	1.61149527891389e-214	1.70657350036981e-211	89.5622895622896	45.8527722949937
DOCK4	M6	16.1919191919192	8.44082014293301	47556769.5	0.718301646466459	2.05185960372809e-192	1.65555757740803e-189	95.2188552188552	59.5594832226808
TMCC3	M6	13.7286195286195	6.79014384227465	47446821	0.716640974612444	1.47027933573425e-198	1.31117963498322e-195	91.7845117845118	51.7338058496322
RAPGEF5	M6	4.76161616161616	2.72759050218677	47214243.5	0.713128103512546	1.98083798956048e-250	4.1954148618891e-247	74.2760942760943	30.6253364435672
PLCL1	M6	7.64377104377104	4.05607142058784	46899981	0.708381454958702	4.23114638182631e-204	3.98291912742583e-201	81.1447811447811	40.850977929302
FRMD4A	M6	7.66734006734007	3.90379260636752	46741498.3706055	0.705987719328059	1.0291118153069e-177	6.97490823942405e-175	88.013468013468	53.8175130091513
EPB41L2	M6	15.0531986531987	7.46130470021103	46707903.619873	0.705480301246103	2.06513291867714e-164	1.09348788043955e-161	95.5555555555556	71.9518212811771
CACNB2	M6	5.196632996633	2.96280471742969	46394924	0.700753029426993	7.51582661955699e-243	1.27348166241774e-239	68.4175084175084	26.7158621927149
MEF2C	M6	12.376430976431	5.80510494018479	46353740	0.700130982653861	2.06260950048473e-164	1.09348788043955e-161	91.5151515151515	56.9845684550511
SLC1A3	M6	3.44781144781145	1.79268853376156	46336467	0.69987008973641	9.73644766073762e-225	1.26903360895029e-221	71.7845117845118	29.7550690830791
ATP8A2	M6	3.99191919191919	2.06815730424648	46331409	0.699793693257716	1.70025051895691e-222	2.05778891380042e-219	72.5252525252525	30.1834738919792
LDLRAD4	M6	14.4673400673401	7.0318026548154	46030912.8549805	0.695254972945262	4.93992985299479e-149	2.1462095238242e-146	93.5353535353535	70.1462408038758
SDK1	M7	24.4855967078189	23.7389367688066	21702299	0.979640133690011	0	0	98.7654320987654	19.0312177785578
TOP2A	M7	16.7325102880658	15.6871205594389	21657382	0.977612583710861	0	0	99.7942386831276	16.2077967663383
MKI67	M7	12.3765432098765	11.6070677475331	21543859.5	0.972488186656115	0	0	99.5884773662551	14.06226005309
DIAPH3	M7	9.66049382716049	9.13106399586374	21522345.5	0.971517046325028	0	0	98.7654320987654	14.5646403264375
KNL1	M7	6.02263374485597	5.75323506552376	21397140.5	0.965865302104811	0	0	97.119341563786	7.55544830309545
PRC1	M7	7.02674897119342	6.71470281363468	21378982.5	0.965045651359628	0	0	96.7078189300412	9.17666673979334
KIF11	M7	5.06378600823045	4.76909281120525	21292636	0.961147976887275	0	0	96.7078189300412	6.80078099291403
CDK1	M7	5.58230452674897	5.23267856970358	21269162	0.960088362304588	0	0	96.9135802469136	11.1708312309414
STMN1	M7	16.7201646090535	15.1129645564023	21248968	0.959176806673559	0	0	98.7654320987654	22.8111357304258
SMC2	M7	7.06172839506173	6.45430896237849	21184964.5	0.956287693529526	0	0	97.9423868312757	21.4641423337648
NUSAP1	M7	5.39506172839506	5.06555292028678	21152651.5	0.954829087156076	0	0	95.4732510288066	6.61211416536867
KIF15	M7	5.68106995884774	5.38424877551184	21097986	0.952361490625025	0	0	95.0617283950617	9.72731062018735
TPX2	M7	5.58230452674897	5.27317612361622	21072930.5	0.951230487252079	0	0	94.8559670781893	8.4724568369787
BIRC5	M7	5.80452674897119	5.28007684440151	21056498.5	0.950488748016213	0	0	96.5020576131687	9.57155079744642
CDCA8	M7	4.47325102880658	4.13496701941712	21038534	0.949677831846379	0	0	95.679012345679	9.56935699712612
CEP128	M7	7.63786008230453	6.94995011586967	21015895.5351562	0.948655933257383	0	0	97.9423868312757	26.9201237303381
CIT	M7	4.33950617283951	4.14443344835889	21011963.5	0.948478441488141	0	0	93.8271604938272	6.8117499945155
HJURP	M7	5.02674897119342	4.57329044498847	20991543.1943359	0.94755667043657	0	0	96.2962962962963	25.8232235701906
CEP112	M7	7.58847736625514	7.21202123129255	20935739	0.94503767332941	0	0	94.4444444444444	14.1127174604568
XIST	M7	52.1399176954733	38.4245194110251	20882472.6787109	0.942633235619433	2.28876137115158e-248	1.51487393253095e-246	100	89.6079678827633
PLAC8	M8	88.8328849028401	77.8703111737885	136337867	0.954000202082711	0	0	99.9103139013453	57.8152794682146
IFITM3	M8	66.2221225710015	53.1080180864027	133065665.149414	0.931103546183625	0	0	99.9701046337818	70.8290422245108
GPR141	M8	11.0520179372197	9.39716352283905	129481154.5	0.906021564492444	0	0	96.6816143497758	27.4833817058328
LYZ	M8	214.951270553064	173.299388706795	129462449.681152	0.905890680818281	0	0	99.9701046337818	73.3171051399682
CEBPB	M8	21.277130044843	16.5885943272136	128488181.102539	0.899073408102111	0	0	99.7010463378176	67.2268514184065
MSRB1	M8	10.2	8.05563149517835	128168959.916504	0.896839714098473	0	0	98.6248131539611	43.6733451923977
PRDX5	M8	33.0358744394619	25.0833653111031	127749674.902344	0.893905841088424	0	0	99.9103139013453	80.8070405392753
SAMHD1	M8	25.7186846038864	18.5061810929792	126777776.333984	0.887105152101418	0	0	99.9701046337818	85.2939799644228
PNP	M8	13.278624813154	10.0357402517833	125988012.861328	0.881578921355035	0	0	99.1031390134529	64.9494429360547
CYBB	M8	17.6176382660688	12.5664960509204	123466531	0.863935296306575	0	0	99.6113602391629	51.7133227225915
LGALS3	M8	23.4687593423019	14.7009005275842	123015308	0.860777942867971	0	0	99.7010463378176	52.2095309427956
S100A6	M8	30.4331838565022	20.6279221768842	122549652	0.85751959705491	0	0	99.6113602391629	60.7714633461286
CCR2	M8	11.3423019431988	8.98229351702148	122465048	0.856927595471836	0	0	93.5127055306427	36.1834097930905
PLBD1	M8	6.35336322869955	4.39926248906843	122305011.5	0.855807768260951	0	0	95.2167414050822	29.3769309989701
SLFN5	M8	11.5862481315396	9.09083571697169	121978662.07959	0.853524195693244	0	0	95.8445440956652	51.2100926879506
ALOX5AP	M8	10.7787742899851	7.45162795537219	121839992.891602	0.852553882483316	0	0	98.5650224215247	58.7257747401929
TGFBI	M8	12.1647234678625	8.75762207286201	121604034	0.850902801714456	0	0	96.6816143497758	33.0633835783166
S100A4	M8	21.4493273542601	16.1696718912885	121361213.5	0.849203708049819	0	0	93.7518684603886	41.0565490122648
VIM	M8	24.9763826606876	17.3226049245206	120867255.955078	0.8457473271628	0	0	99.0433482810164	64.2519427019942
TSPO	M8	18.4795216741405	11.8464582905622	120311129.306641	0.841855928927907	0	0	99.7010463378176	85.3993071809756
KLRB1.2	NK	6.79839298758218	6.48196825701976	114272542	0.963185049178661	0	0	96.9685902118334	7.34808797396783
GZMA	NK	52.5613586559532	49.2968597983225	113350922.5	0.955416865257177	0	0	96.2016070124178	16.2885693845053
NCR1	NK	5.81592403214025	5.58177296246727	111658523	0.941151899526061	0	0	91.9284149013879	4.97334471856177
PRF1	NK	5.25493060628196	4.98939323119253	108589985.5	0.915287685856569	0	0	88.6413440467495	9.43896979068104
NKG7	NK	16.8940832724616	13.6754638083367	108545253.5	0.914910646955834	0	0	99.6347699050402	28.538459763218
TXK	NK	4.2008765522279	3.59269765028703	106473807	0.897450754456256	0	0	92.6588750913075	18.6771595393598
KLRD1	NK	8.26040905770635	6.48876750777674	106284821.5	0.895857825788304	0	0	98.0642804967129	27.5991784172994
UGCG	NK	5.79401022644266	4.526118878447	105615564.129883	0.890216762050092	0	0	97.0416362308254	46.8140592185733
IL2RB	NK	7.51497443389335	5.78812760367942	105529013	0.889487236366725	0	0	98.3929875821768	30.8278138053588
CLNK	NK	4.29218407596786	3.77357153529259	103469689.5	0.872129526702559	0	0	84.1855368882396	10.622879693522
ITGA2	NK	2.69685902118335	2.50849503235318	101313199.5	0.853952816091682	0	0	77.136596055515	8.46045556299185
SAMD3	NK	2.64280496712929	2.28696272947034	100615441	0.848071520870846	0	0	80.8254200146092	12.7022224273615
CTSW	NK	3.57487216946676	2.45611192853071	99115085	0.835425259202444	0	0	91.0883856829803	23.9482125960629
GZMB.2	NK	9.22132943754565	7.48354355676746	97670236.5	0.823246861407388	0	0	78.4149013878744	16.8516766287415
CCL5	NK	56.2772096420745	40.8580870739362	97413443.5332031	0.821082394405744	0	0	95.7268078889701	60.5040271399229
EOMES	NK	1.82067202337473	1.63932379693176	97280589.5	0.819962588927851	0	0	70.5989773557341	7.30193164247306
IL18RAP	NK	2.55770635500365	2.06958007128068	96873387	0.816530343935978	0	0	79.8027757487217	21.1003669428354
SATB1	NK	4.33016800584368	2.98528789691474	95978711	0.808989262483016	0	0	87.3265157048941	29.4523551268145
BCL2	NK	8.27319211102995	5.49492712753084	95517349.293457	0.805100518168518	0	0	91.5266617969321	41.3491495695922
C1orf21	NK	2.71950328707085	2.02510435789775	95055824.4257812	0.801210398594828	0	0	81.336742147553	24.4351618933327
CLEC4D	Neut1	9.22086148648649	8.95844186222159	94137767.5	0.909684556162361	0	0	86.0641891891892	9.94027596622503
S100A8	Neut1	181.822212837838	181.524050324394	92686293.5	0.895658480161874	0	0	81.9256756756757	9.36363012288048
SLPI	Neut1	16.4995777027027	15.3132661766507	90793232	0.877365197283506	0	0	80.6165540540541	10.3224182512986
S100A9	Neut1	232.681165540541	232.448310457133	90277227.5	0.872378874184647	0	0	76.6047297297297	6.80991281664035
GSR	Neut1	6.41849662162162	5.43366789916676	89644376.2285156	0.86626342187145	0	0	90.2027027027027	36.0815541978444
CLEC4E	Neut1	6.93201013513514	6.66110100262101	87628994	0.846788113111395	0	0	75.0422297297297	8.752660122194
SLC7A11	Neut1	8.64273648648649	8.49802583913288	87047113	0.8411652034835	0	0	71.3682432432432	5.7618818791332
CCR1	Neut1	3.46663851351351	2.98179834967287	86673924	0.837558954059435	0	0	80.6165540540541	17.1712317795931
MSRB1	Neut1	8.57347972972973	6.16088047570808	85767949.8989258	0.828804225007354	0	0	93.2432432432432	45.1934738335507
IL1B	Neut1	18.8559966216216	17.8791311036701	85470627.5	0.825931099781562	0	0	75.1266891891892	16.9332509553557
SRGN	Neut1	36.1680743243243	26.7504866261023	84808830.7338867	0.819535937526929	0	0	97.0861486486486	89.510537516304
IL1RN	Neut1	8.73648648648649	8.2313950698141	84660140.5	0.818099094344739	0	0	73.2685810810811	15.255943799913
ACOD1	Neut1	15.207347972973	13.9344022737899	84068157	0.812378560899404	0	0	77.1959459459459	24.7614471064735
SGMS2	Neut1	3.15413851351351	3.02169303171676	83849345	0.810264107769814	0	0	67.0608108108108	7.25383858492941
LILRB4	Neut1	5.99408783783784	4.42002774767972	83077729.6123047	0.802807731650807	0	0	89.3158783783784	39.653554838562
HDC	Neut1	5.03505067567568	4.98102445201947	82483823.5	0.79706861936334	0	0	60.9797297297297	2.74822086451111
NEAT1	Neut1	7.23226351351351	5.03002557845482	82430046.6992188	0.796548956252033	0	0	94.0456081081081	63.4012951648704
CD44	Neut1	7.20692567567568	5.03869153915706	82184047.9208984	0.794171788241619	0	0	91.8918918918919	58.5844717512185
GRINA	Neut1	5.81883445945946	4.14946762574856	81969313.4633789	0.792096737761147	0	0	92.0185810810811	58.0169790164985
C5AR1	Neut1	3.04096283783784	2.39132095321277	81600188.8876953	0.788529764221017	0	0	77.4915540540541	27.3243175213382
TMEM123	Treg	17.7896890343699	16.8596156738329	53024163.4169922	0.967540655084757	0	0	98.5270049099836	46.8660111044217
CACNB3	Treg	7.51472995090016	7.50288969402679	52879019	0.964892180969397	0	0	93.126022913257	0.773741833344482
CCR7	Treg	17.3404255319149	17.222959480674	52537459.5	0.958659688439877	0	0	92.8805237315876	5.7796508127634
FSCN1	Treg	20.6374795417349	20.3267341184067	52172826	0.952006160826789	0	0	92.7986906710311	16.3489196601779
RELB	Treg	9.93371522094926	9.00355266827015	51986994.5585938	0.948615263866481	0	0	98.2815057283142	43.9494280553883
TRAF1	Treg	9.71276595744681	8.94254721371813	51949054.3764648	0.947922963105744	0	0	96.5630114566285	32.691149909693
TBC1D4	Treg	13.0908346972177	12.5485687708458	51632837.5	0.942152901607601	0	0	94.1080196399345	20.6457511093273
SOCS2	Treg	7.70785597381342	7.49771928685554	51580195.5	0.941192334351416	0	0	91.4893617021277	11.5548420184182
MREG	Treg	7.84451718494272	7.78451317129632	51548416	0.940612448573559	0	0	89.1162029459902	2.5018395879323
PCGF5	Treg	16.2454991816694	14.9859723459836	51266905.390625	0.935475678055069	0	0	95.9901800327332	48.8438468570919
SAMSN1	Treg	18.4345335515548	16.4883164132847	51040070.6005859	0.931336586229623	0	0	96.9721767594108	59.1277008495552
CYTIP	Treg	16.2553191489362	14.2555198312561	50688762.1196289	0.924926202436692	0	0	97.8723404255319	51.6578589426272
GADD45B	Treg	8.63829787234043	7.9521873186802	50578440	0.922913136524522	0	0	92.7168576104746	23.3371239993757
TMTC2	Treg	13.0613747954173	12.8341578132335	50519441.5	0.921836581164466	0	0	87.3158756137479	11.5526122148639
MMP25	Treg	5.29950900163666	5.14603162299372	50222253.5	0.916413742713588	0	0	86.7430441898527	9.53463999821616
SERPINB6	Treg	11.278232405892	10.9288667850032	50196408.5	0.915942144736001	0	0	88.5433715220949	14.4290587999197
LACTB	Treg	7.03109656301146	6.4259947724792	49908662.4204102	0.910691594564092	0	0	92.7168576104746	34.4192476642808
STRIP2	Treg	4.43944353518822	4.40963106166713	49795764	0.90863151846666	0	0	82.4877250409165	1.55640288090619
MARCKSL1	Treg	7.8240589198036	7.12590742695012	49767073.5	0.908107998181269	0	0	91.3256955810147	22.7016299863982
SERPINB9	Treg	7.54418985270049	7.10663550123885	49605599.3886719	0.905161553440123	0	0	89.607201309329	22.3894574887952
